<?xml version="1.0" encoding="UTF-8" standalone="yes"?>
<addon id="repository.gxtmovies" name="Gxt Movies" version="1.0.0" provider-name="JordiGxt">
    <extension point ="xmbc.addon.repository" name="Gxt Movies">
	<dir>
        <info compressed="false">https://raw.githubusercontent.com/Gxtmovies/Gxtmovies.github.io/master/addons.xml</info>
        <checksum>https://raw.githubusercontent.com/Gxtmovies/Gxtmovies.github.io/master/addons.xml.md5</checksum>
        <datadir zip="true">https://raw.githubusercontent.com/Gxtmovies/Gxtmovies.github.io/master/Zips_/</datadir>
	</dir>
    </extension>
	<extension point="xmbc.addon.metadata">
         <summary>We do not host any of the contents streamed</summary>
         <description></description>
         <platform>all</platform>
    </extension>
</addon>