<?xml version="1.0" encoding="UTF-8"?>
<addon id="plugin.video.gxtmovies" name="Gxt Movies" version="1.0.0" provider-name="JordiGxt">
<requires>
  <import addon="xbmc.python" version="2.1.0"/>
</requires>
<extension point="xbmc.python.pluginsource" library="main.py">
  <provides>video</provides>
</extension>
<extension point="xbmc.addon.metadata">
  <summary lang="en">Gxt Movies</summary>
	<description lang="en"></description>
    <disclaimer lang="en">The author of this addon do not host any of the content which is found and have no affiliation with any of the content providers. This addon simply searches websites for content. Use at your own risk!</disclaimer>
  <assets>
    <icon>icon.png</icon>
    <fanart>fanart.jpg</fanart>
   <screenshot></screenshot>
   <screenshot></screenshot>   
   <screenshot></screenshot>
  </assets>
  <news></news>
</extension>
</addon>
